id;primary_party;email_address;phone_number;payer_id;tax_payer_number;paye_number;comments;person_id_date;person_id_expiration_date;rc_number;organization;birth_place;birth_date;first_name;middle_name;last_name;occupation;unit_number;block_number;plot_number;street_number;street_name;building_name;building_number;postal_code;city;village;long_address;town;ward;next_of_kin_phone;i_d_document_issued_date;i_d_document_expiration_date;i_d_document_number;party_type_id;party_role_type_id;email_type_id;phone_category_id;country_id
1;mobile Fish;Home Loan Account Table Computer;Trace;Savings Account alarm;Tasty Metal Bacon;red Chips Soap;Home Loan Account;2020-05-29;2020-05-28;intangible;enable Gorgeous Frozen Pants;Common;2020-05-28;Liana;syndicate;Wyman;Canyon HDD;Table Small Frozen Sausages Planner;envisioneer Music Public-key;infomediaries;Investment Account;Daniel Street;incentivize Tuna copy;Costa Rica Mayotte;Industrial;Ryanview;e-enable Communications capacitor;Awesome;Aruba;software scale interactive;Louisiana Specialist Home Loan Account;2020-05-29;2020-05-29;back-end;1;1;1;1;1
2;Industrial;index orange;Jewelery;monitor;1080p Checking Account Identity;Frozen IB;Highway Ergonomic;2020-05-28;2020-05-28;moratorium pixel withdrawal;Mississippi embrace Developer;synthesize Idaho compress;2020-05-28;Aliza;system Small;Kessler;red;withdrawal knowledge base Buckinghamshire;Concrete Investment Account Saint Lucia;User-centric;Money Market Account;Thompson Ridge;Auto Loan Account modular Refined;digital maroon;EXE projection Fresh;West Sven;contextually-based;synergies copying;ability Hat Iraq;magenta Concrete;User-centric Gloves;2020-05-29;2020-05-28;Kenyan Shilling robust;2;2;2;2;2
3;Versatile Exclusive Moroccan Dirham;capability zero tolerance Computers;Analyst paradigms;encompassing;deposit Canadian Dollar Lebanon;Designer Persistent;Handmade 24/7 Re-contextualized;2020-05-28;2020-05-28;invoice withdrawal;bypassing optical;installation;2020-05-29;Maurice;HDD;Hane;red firewall open-source;deposit Sausages;disintermediate Cambridgeshire hacking;bricks-and-clicks Concrete Global;Fiji Dollar Profound Bacon;Jose Wall;content-based Executive;Customer Human deposit;even-keeled Saint Helena Pound;Treutelhaven;drive THX bypassing;Cheese Dynamic Home Loan Account;transform;invoice Home Gloves;Buckinghamshire Ports;2020-05-28;2020-05-29;driver;3;3;3;3;3
4;Bedfordshire;navigate;program alarm;Nevada;Berkshire;dedicated Persevering;Coordinator Cambridgeshire Investor;2020-05-28;2020-05-28;Borders North Dakota;CSS Re-contextualized;local Shoes;2020-05-28;Althea;Representative;Koss;uniform PCI back up;Tactics architectures Planner;Facilitator Incredible functionalities;compressing;Bedfordshire;Gloria Islands;calculating Intranet Ergonomic Concrete Soap;Director Concrete Bedfordshire;portal calculating Metal;Floymouth;protocol;open-source HDD;Sleek Beauty Auto Loan Account;deposit;extend Unbranded Fresh Pants Tools;2020-05-28;2020-05-29;North Dakota Garden;4;4;4;4;4
5;Towels Specialist;Utah Computers Small Fresh Gloves;Brunei Darussalam interface;compress lavender Investment Account;backing up;Iran;Philippine Peso Metal;2020-05-29;2020-05-28;Buckinghamshire alliance redundant;content;Gorgeous Electronics Brand;2020-05-28;Hilario;Som Rustic Frozen Keyboard ROI;Ferry;Handmade Tuna;motivating Operations alarm;e-markets system;Organic;Cheese Steel;Bosco Hills;Small;JBOD;Shoes Music connect;Kozeyborough;Light;integrate Personal Loan Account;HTTP explicit;Personal Loan Account;Cambridgeshire Norfolk Island;2020-05-28;2020-05-29;Tasty Metal Sausages Outdoors;5;5;5;5;5
6;invoice multi-byte;incubate deposit Station;parsing Investment Account;Branding Dynamic black;yellow;Books Generic;robust withdrawal generate;2020-05-28;2020-05-29;open-source hybrid;Solomon Islands Dollar;Personal Loan Account HTTP;2020-05-28;Haylie;Specialist China deliverables;Mante;Wyoming interface Cotton;quantify;JSON Texas;bandwidth;application Configurable iterate;Jerrod Mountains;monetize superstructure Fantastic;Industrial;bypassing granular Usability;Valentineport;Borders Practical;methodical;Pakistan;parse;neural Wooden Optimization;2020-05-28;2020-05-29;Austria mindshare EXE;6;6;6;6;6
7;bandwidth Liaison;program Auto Loan Account Refined;infomediaries;Fantastic Fresh Salad;Steel Avon Visionary;exploit transition;User-centric Principal Pennsylvania;2020-05-28;2020-05-28;Sleek navigate Oklahoma;Triple-buffered array;Bedfordshire Tools;2020-05-28;Khalil;hack;Runolfsson;quantifying;synthesize Idaho Markets;Glen Refined;Mandatory Assistant;Strategist;Hammes Overpass;Sleek Frozen Chips Senior Optional;Associate Central African Republic Savings Account;heuristic Orchestrator Naira;Port Myra;Product;Brand Regional Court;B2B Mouse;Junctions one-to-one;analyzing holistic;2020-05-29;2020-05-28;Kwanza Falkland Islands (Malvinas);7;7;7;7;7
8;schemas;Pound Sterling Keyboard;Licensed Usability models;Personal Loan Account markets;SCSI Aruba Chair;drive online;Liaison engage navigate;2020-05-28;2020-05-28;generating bypassing Bypass;Plastic Movies;SMS;2020-05-28;Kaden;parse Customer Rhode Island;Reinger;program enhance Multi-channelled;Concrete;mission-critical white SMTP;Checking Account global Steel;Borders Springs connecting;Raymond Groves;Planner Refined;engage Granite Grocery;bluetooth payment digital;Collinsstad;Director;New York mesh;Unbranded array;Berkshire solid state;middleware Switzerland;2020-05-28;2020-05-28;Granite Configuration Buckinghamshire;8;8;8;8;8
9;Practical Steel Chips;Berkshire concept;Illinois robust;Granite Rubber;enable;deposit Chicken best-of-breed;RSS Buckinghamshire Officer;2020-05-28;2020-05-29;Licensed Wooden Pants;e-business;Awesome;2020-05-29;Kadin;sticky Regional;Christiansen;open architecture alliance;online;Bulgarian Lev Cambridgeshire;Regional;Home;Arturo Track;Savings Account Manager Guyana;Bedfordshire Auto Loan Account back-end;monitor Small Wooden Ball;New Marquiseside;Buckinghamshire Antarctica (the territory South of 60 deg S) Refined;back-end enhance;optimal;Chair Kentucky;blue internet solution Concrete;2020-05-28;2020-05-28;Ranch impactful;9;9;9;9;9
10;Berkshire Awesome;pixel Pennsylvania;architectures Cotton;viral;payment Illinois dot-com;methodology Integration Music;Pants;2020-05-29;2020-05-28;hacking;scalable;Unbranded Fresh Car;2020-05-29;Judge;infomediaries;Wunsch;Fresh incubate Agent;Jewelery Engineer Bedfordshire;Tanzanian Shilling Assurance Nebraska;Gardens synthesizing;silver;Hermina Haven;Buckinghamshire;Bouvet Island (Bouvetoya);Auto Loan Account asymmetric Montana;Port Jaydeborough;Checking Account frictionless;Rubber Awesome Frozen Mouse;Trinidad and Tobago Dollar;Customer-focused;Shoes Rubber Mall;2020-05-28;2020-05-28;scalable Configuration calculating;10;10;10;10;10
